,subname,task,directions,RMS_mean,RMS_ab_25,RMS_ab_25_invalid
0,100206,REST1,RL,0.10512918813208501,0.03666666666666667,False
1,100610,REST1,RL,0.1817281677355037,0.405,True
2,101006,REST1,RL,0.14037307332036641,0.16416666666666666,False
3,101309,REST1,RL,0.10403472378652077,0.04,False
4,101915,REST1,RL,0.19127649681884204,0.38083333333333336,True
5,102311,REST1,RL,0.15592060727772825,0.20166666666666666,False
6,102513,REST1,RL,0.11611492607137591,0.0625,False
7,103414,REST1,RL,0.16605987016121085,0.3016666666666667,True
8,103515,REST1,RL,0.19533598779615594,0.47,True
9,103818,REST1,RL,0.16356056964099294,0.27666666666666667,True
10,105115,REST1,RL,0.12447983856351695,0.12416666666666666,False
11,106016,REST1,RL,0.1956746112544361,0.4708333333333333,True
12,107321,REST1,RL,0.11011270451137901,0.07583333333333334,False
13,107422,REST1,RL,0.1164392558340181,0.065,False
14,108222,REST1,RL,0.14592586008334574,0.2075,False
15,109830,REST1,RL,0.1362548581502177,0.10333333333333333,False
16,110007,REST1,RL,0.18301497659849716,0.395,True
17,110411,REST1,RL,0.11281577820195042,0.07583333333333334,False
18,110613,REST1,RL,0.15272001152726,0.185,False
19,112112,REST1,RL,0.138449922687175,0.1625,False
20,112314,REST1,RL,0.12365059587169322,0.09,False
21,112920,REST1,RL,0.1710609633117381,0.3383333333333333,True
22,113619,REST1,RL,0.13231507689799354,0.1025,False
23,113922,REST1,RL,0.12996603704933699,0.13,False
24,116524,REST1,RL,0.2543571588828576,0.5875,True
25,118124,REST1,RL,0.17565948479511817,0.32416666666666666,True
26,118528,REST1,RL,0.12295561737383008,0.08416666666666667,False
27,119126,REST1,RL,0.14331740660546416,0.16083333333333333,False
28,121416,REST1,RL,0.1546581155268914,0.275,True
29,122822,REST1,RL,0.1459972263718753,0.21333333333333335,False
30,123117,REST1,RL,0.26314267847909706,0.66,True
31,124422,REST1,RL,0.12205940820324758,0.1,False
32,124826,REST1,RL,0.1160908156970984,0.07666666666666666,False
33,127630,REST1,RL,0.16130227443975398,0.2966666666666667,True
34,128632,REST1,RL,0.12796886417106987,0.09333333333333334,False
35,129028,REST1,RL,0.16041723918021547,0.2991666666666667,True
36,129129,REST1,RL,0.18021354646023263,0.34833333333333333,True
37,129634,REST1,RL,0.0875063586321073,0.034166666666666665,False
38,130013,REST1,RL,0.13074207056645212,0.10583333333333333,False
39,130316,REST1,RL,0.19486868018054715,0.4166666666666667,True
40,130417,REST1,RL,0.19894076446192757,0.4691666666666667,True
41,131217,REST1,RL,0.1502919813937513,0.26,True
42,131823,REST1,RL,0.11176426159870924,0.0925,False
43,132017,REST1,RL,0.1458220517446949,0.225,False
44,133019,REST1,RL,0.18426631554311038,0.3308333333333333,True
45,134021,REST1,RL,0.10229480654283069,0.034166666666666665,False
46,134223,REST1,RL,0.14063328980445342,0.15833333333333333,False
47,134425,REST1,RL,0.10732784265987164,0.034166666666666665,False
48,134728,REST1,RL,0.18027531179318118,0.3566666666666667,True
49,135528,REST1,RL,0.11423743954785517,0.06333333333333334,False
50,135730,REST1,RL,0.1378121408094669,0.135,False
51,135932,REST1,RL,0.12880451797364126,0.15166666666666667,False
52,136833,REST1,RL,0.17097302068151568,0.31166666666666665,True
53,137229,REST1,RL,0.18313623670766063,0.445,True
54,137633,REST1,RL,0.1489197058155354,0.17416666666666666,False
55,138231,REST1,RL,0.1468926096770439,0.19333333333333333,False
56,139233,REST1,RL,0.18443686728616354,0.4058333333333333,True
57,139637,REST1,RL,0.13534320245027578,0.17583333333333334,False
58,139839,REST1,RL,0.13772185558146663,0.145,False
59,140117,REST1,RL,0.1011685824153708,0.05,False
60,141119,REST1,RL,0.2613724201003086,0.5941666666666666,True
61,141826,REST1,RL,0.21663889852632967,0.57,True
62,144125,REST1,RL,0.28033400014376914,0.5666666666666667,True
63,144731,REST1,RL,0.22118946210835622,0.515,True
64,146129,REST1,RL,0.1423378416689481,0.1775,False
65,146432,REST1,RL,0.121949883483317,0.055,False
66,146533,REST1,RL,0.12489167832359131,0.05583333333333333,False
67,146937,REST1,RL,0.12138276139421524,0.08083333333333333,False
68,148133,REST1,RL,0.1421099049098531,0.17333333333333334,False
69,149236,REST1,RL,0.10286537114454318,0.019166666666666665,False
70,149337,REST1,RL,0.1052878011193693,0.0575,False
71,149539,REST1,RL,0.15644633757802928,0.21416666666666667,False
72,149842,REST1,RL,0.12535744516740935,0.1,False
73,150625,REST1,RL,0.13049434894190917,0.1075,False
74,150928,REST1,RL,0.11018317659049699,0.075,False
75,151627,REST1,RL,0.12970529831363223,0.11666666666666667,False
76,152831,REST1,RL,0.10369642584661264,0.024166666666666666,False
77,153227,REST1,RL,0.1626787611491325,0.2375,False
78,154229,REST1,RL,0.19295664803930765,0.4691666666666667,True
79,154532,REST1,RL,0.16925382034296332,0.3491666666666667,True
80,154734,REST1,RL,0.09325839279199014,0.03666666666666667,False
81,154835,REST1,RL,0.14803233493965165,0.1725,False
82,154936,REST1,RL,0.14609132672866118,0.22833333333333333,False
83,155635,REST1,RL,0.1673280431078546,0.345,True
84,155938,REST1,RL,0.10722899721050486,0.03333333333333333,False
85,157942,REST1,RL,0.16588351313537256,0.31,True
86,158035,REST1,RL,0.14522341740118952,0.16666666666666666,False
87,159239,REST1,RL,0.13509679808543212,0.12833333333333333,False
88,159340,REST1,RL,0.19980307877245684,0.5216666666666666,True
89,159441,REST1,RL,0.1768327371514639,0.26916666666666667,True
90,160830,REST1,RL,0.15297086645774066,0.19416666666666665,False
91,161731,REST1,RL,0.1931126484712964,0.42,True
92,162329,REST1,RL,0.17553623641212243,0.30916666666666665,True
93,162733,REST1,RL,0.15358505671141223,0.26,True
94,164030,REST1,RL,0.09819527104207762,0.020833333333333332,False
95,164939,REST1,RL,0.17191642340516533,0.37833333333333335,True
96,167238,REST1,RL,0.15836184771963532,0.31333333333333335,True
97,168240,REST1,RL,0.2727457351856365,0.69,True
98,169949,REST1,RL,0.1408968225216432,0.18666666666666668,False
99,170631,REST1,RL,0.20749007107128842,0.4191666666666667,True
100,171633,REST1,RL,0.180525103928959,0.3641666666666667,True
101,172938,REST1,RL,0.15995199359912085,0.3258333333333333,True
102,173435,REST1,RL,0.0982641485375778,0.021666666666666667,False
103,173536,REST1,RL,0.11911595504731814,0.11916666666666667,False
104,173738,REST1,RL,0.15304487981921894,0.22666666666666666,False
105,173839,REST1,RL,0.16344971942011066,0.2783333333333333,True
106,173940,REST1,RL,0.11737404274150721,0.09083333333333334,False
107,174437,REST1,RL,0.10776774609846844,0.05333333333333334,False
108,175035,REST1,RL,0.25079988321924407,0.6125,True
109,175237,REST1,RL,0.1028817740451997,0.050833333333333335,False
110,175338,REST1,RL,0.13728537953106418,0.13,False
111,175439,REST1,RL,0.21325279026746158,0.5508333333333333,True
112,175742,REST1,RL,0.12600298130915172,0.06416666666666666,False
113,176037,REST1,RL,0.120731207321459,0.07416666666666667,False
114,178950,REST1,RL,0.13971292918427997,0.20333333333333334,False
115,179346,REST1,RL,0.1010953991153506,0.03833333333333333,False
116,181131,REST1,RL,0.1908391284521259,0.45166666666666666,True
117,181232,REST1,RL,0.12389350721454294,0.08083333333333333,False
118,183034,REST1,RL,0.13613355652610817,0.18083333333333335,False
119,185139,REST1,RL,0.16120572983581502,0.2991666666666667,True
120,185442,REST1,RL,0.13374101831509277,0.13666666666666666,False
121,186141,REST1,RL,0.17300406714171057,0.3575,True
122,186444,REST1,RL,0.12628522814725454,0.10916666666666666,False
123,187345,REST1,RL,0.08421603497444778,0.0033333333333333335,False
124,188448,REST1,RL,0.08895673556774651,0.015,False
125,188549,REST1,RL,0.0941789124492891,0.009166666666666667,False
126,189450,REST1,RL,0.20503562654247165,0.4483333333333333,True
127,191033,REST1,RL,0.12516379240883513,0.10416666666666667,False
128,192035,REST1,RL,0.10126972132181876,0.019166666666666665,False
129,192136,REST1,RL,0.09111527245318864,0.008333333333333333,False
130,192843,REST1,RL,0.12198585306015958,0.0675,False
131,194645,REST1,RL,0.0994692193735534,0.056666666666666664,False
132,194746,REST1,RL,0.1756800608488465,0.2866666666666667,True
133,195445,REST1,RL,0.12669685423787372,0.0925,False
134,195849,REST1,RL,0.16466228767036767,0.29083333333333333,True
135,195950,REST1,RL,0.14461616391196894,0.23833333333333334,False
136,197348,REST1,RL,0.27609282833738213,0.6808333333333333,True
137,198855,REST1,RL,0.09691903052946294,0.03,False
138,199453,REST1,RL,0.1225426472861166,0.10083333333333333,False
139,199958,REST1,RL,0.14347841766775346,0.19333333333333333,False
140,200008,REST1,RL,0.1917082253899564,0.475,True
141,200311,REST1,RL,0.12707216891194023,0.125,False
142,200614,REST1,RL,0.17047682398606348,0.3675,True
143,201111,REST1,RL,0.11399728017525963,0.055,False
144,202719,REST1,RL,0.10459012182438904,0.019166666666666665,False
145,203418,REST1,RL,0.11636302676630916,0.08166666666666667,False
146,203923,REST1,RL,0.15396431437941513,0.20166666666666666,False
147,204319,REST1,RL,0.14491060669328826,0.1975,False
148,204521,REST1,RL,0.14392001906152255,0.18,False
149,204622,REST1,RL,0.15288799688189367,0.1975,False
150,205119,REST1,RL,0.1383283899453654,0.15166666666666667,False
151,206222,REST1,RL,0.11693004347889399,0.11916666666666667,False
152,208125,REST1,RL,0.07864334638083145,0.004166666666666667,False
153,208327,REST1,RL,0.1178037971669994,0.0925,False
154,209228,REST1,RL,0.1312529737985295,0.13583333333333333,False
155,210415,REST1,RL,0.19646326514757192,0.43666666666666665,True
156,211215,REST1,RL,0.10687862548625925,0.04083333333333333,False
157,211316,REST1,RL,0.13348926710927628,0.14916666666666667,False
158,211922,REST1,RL,0.13348027002099086,0.185,False
159,212015,REST1,RL,0.11599953957068006,0.04583333333333333,False
160,212419,REST1,RL,0.163316603857275,0.2875,True
161,213421,REST1,RL,0.17616113405199593,0.3283333333333333,True
162,214019,REST1,RL,0.14997102460003067,0.22916666666666666,False
163,214221,REST1,RL,0.2019456760689854,0.3908333333333333,True
164,214423,REST1,RL,0.22025520616818506,0.44666666666666666,True
165,214524,REST1,RL,0.10629841874757437,0.021666666666666667,False
166,220721,REST1,RL,0.11918179136983198,0.07916666666666666,False
167,221319,REST1,RL,0.16160431947145495,0.29583333333333334,True
168,227432,REST1,RL,0.20324146836792234,0.4425,True
169,228434,REST1,RL,0.14895238921711929,0.13416666666666666,False
170,248339,REST1,RL,0.12001793644397964,0.1075,False
171,250932,REST1,RL,0.09986576104450613,0.049166666666666664,False
172,255639,REST1,RL,0.14357223424997356,0.1825,False
173,257542,REST1,RL,0.13329126902592686,0.15583333333333332,False
174,257845,REST1,RL,0.15767190631084974,0.25666666666666665,True
175,268850,REST1,RL,0.09766728741901927,0.03,False
176,285446,REST1,RL,0.10581835292093948,0.035833333333333335,False
177,293748,REST1,RL,0.21270783376325916,0.5358333333333334,True
178,297655,REST1,RL,0.1305377670874298,0.10083333333333333,False
179,298051,REST1,RL,0.26635993546450276,0.6483333333333333,True
180,299154,REST1,RL,0.12648276584869728,0.13916666666666666,False
181,300618,REST1,RL,0.08046135727861173,0.016666666666666666,False
182,303119,REST1,RL,0.18844868642562052,0.42083333333333334,True
183,304727,REST1,RL,0.17317238556860393,0.32666666666666666,True
184,308331,REST1,RL,0.2131614299384677,0.49416666666666664,True
185,309636,REST1,RL,0.09741572099517341,0.013333333333333334,False
186,310621,REST1,RL,0.1267606349247221,0.0625,False
187,316633,REST1,RL,0.0928914427467091,0.03,False
188,316835,REST1,RL,0.12785698622822972,0.0825,False
189,318637,REST1,RL,0.1451659640379464,0.205,False
190,336841,REST1,RL,0.11171103272089766,0.06666666666666667,False
191,361941,REST1,RL,0.09810149989717983,0.041666666666666664,False
192,371843,REST1,RL,0.2254000175373103,0.48333333333333334,True
193,377451,REST1,RL,0.11745602447021199,0.07416666666666667,False
194,380036,REST1,RL,0.1526163501618047,0.2758333333333333,True
195,381038,REST1,RL,0.13057742436353773,0.17666666666666667,False
196,386250,REST1,RL,0.09594252181777368,0.010833333333333334,False
197,387959,REST1,RL,0.16970966941717,0.31583333333333335,True
198,393247,REST1,RL,0.22954232577531694,0.5191666666666667,True
199,393550,REST1,RL,0.13964914344256496,0.1625,False
200,395251,REST1,RL,0.13250582020910595,0.07416666666666667,False
201,395756,REST1,RL,0.108187557301342,0.028333333333333332,False
202,397154,REST1,RL,0.1444293264652868,0.2125,False
203,397760,REST1,RL,0.19698452405468292,0.4141666666666667,True
204,412528,REST1,RL,0.11262099670757375,0.056666666666666664,False
205,414229,REST1,RL,0.155132030545905,0.24833333333333332,False
206,432332,REST1,RL,0.1285434981944121,0.10583333333333333,False
207,433839,REST1,RL,0.206403884129666,0.48833333333333334,True
208,436845,REST1,RL,0.16095441726510443,0.3016666666666667,True
209,449753,REST1,RL,0.16575621918184244,0.24333333333333335,False
210,459453,REST1,RL,0.13809667149276308,0.19583333333333333,False
211,479762,REST1,RL,0.08221545248567048,0.005833333333333334,False
212,495255,REST1,RL,0.19082098916680376,0.37583333333333335,True
213,499566,REST1,RL,0.15288130270254507,0.245,False
214,510326,REST1,RL,0.1325189616163725,0.12833333333333333,False
215,517239,REST1,RL,0.15430932271856226,0.22083333333333333,False
216,520228,REST1,RL,0.12310344410365515,0.07583333333333334,False
217,524135,REST1,RL,0.09955275458568634,0.025,False
218,525541,REST1,RL,0.14698174496866184,0.2425,False
219,529549,REST1,RL,0.1453719540870174,0.20333333333333334,False
220,529953,REST1,RL,0.11601805914166331,0.0825,False
221,530635,REST1,RL,0.16303423259324987,0.245,False
222,553344,REST1,RL,0.10116615688984093,0.034166666666666665,False
223,555651,REST1,RL,0.14554070464983182,0.21916666666666668,False
224,559053,REST1,RL,0.16366193937662052,0.2825,True
225,561444,REST1,RL,0.16313451850824048,0.31,True
226,567052,REST1,RL,0.08067495128304603,0.0016666666666666668,False
227,567961,REST1,RL,0.09978748251898084,0.015833333333333335,False
228,568963,REST1,RL,0.08132468412773664,0.0075,False
229,571144,REST1,RL,0.11333033462287664,0.07,False
230,573249,REST1,RL,0.11286311297373411,0.085,False
231,580044,REST1,RL,0.16464923931868083,0.2825,True
232,580751,REST1,RL,0.15796800002153816,0.26666666666666666,True
233,581349,REST1,RL,0.18371658333007726,0.41083333333333333,True
234,587664,REST1,RL,0.1274215098610533,0.08,False
235,597869,REST1,RL,0.13539605128918183,0.135,False
236,598568,REST1,RL,0.14823631403448412,0.2025,False
237,599065,REST1,RL,0.08963827756616276,0.009166666666666667,False
238,599671,REST1,RL,0.13597317791353464,0.12916666666666668,False
239,604537,REST1,RL,0.16100730896216062,0.17166666666666666,False
240,611938,REST1,RL,0.1323532857550596,0.13583333333333333,False
241,616645,REST1,RL,0.12706284877277285,0.03833333333333333,False
242,618952,REST1,RL,0.15251196515761398,0.15916666666666668,False
243,622236,REST1,RL,0.1428254914206048,0.1425,False
244,627549,REST1,RL,0.14196315540527069,0.18166666666666667,False
245,638049,REST1,RL,0.1409485673079359,0.1475,False
246,645450,REST1,RL,0.1122661717397808,0.04666666666666667,False
247,654350,REST1,RL,0.14072101097302095,0.1775,False
248,654754,REST1,RL,0.1379925229657409,0.18083333333333335,False
249,656253,REST1,RL,0.12238095677659322,0.06916666666666667,False
250,656657,REST1,RL,0.15373662996478604,0.19916666666666666,False
251,657659,REST1,RL,0.10486065779384808,0.030833333333333334,False
252,660951,REST1,RL,0.12064286854859446,0.0925,False
253,663755,REST1,RL,0.11868454227026462,0.08666666666666667,False
254,664757,REST1,RL,0.12957624403428372,0.11083333333333334,False
255,667056,REST1,RL,0.15878333881908663,0.18333333333333332,False
256,671855,REST1,RL,0.20763160455588683,0.5108333333333334,True
257,672756,REST1,RL,0.2106057700564857,0.4891666666666667,True
258,679568,REST1,RL,0.07557524407015109,0.0033333333333333335,False
259,679770,REST1,RL,0.11669550810835223,0.0625,False
260,690152,REST1,RL,0.14384866400352558,0.2175,False
261,695768,REST1,RL,0.24563074987276282,0.6433333333333333,True
262,702133,REST1,RL,0.18920314515420705,0.43666666666666665,True
263,715950,REST1,RL,0.13584817743481434,0.14833333333333334,False
264,724446,REST1,RL,0.11731091042020698,0.06416666666666666,False
265,725751,REST1,RL,0.14658183337730712,0.17916666666666667,False
266,729557,REST1,RL,0.15079707924123184,0.215,False
267,731140,REST1,RL,0.14560432144351457,0.18583333333333332,False
268,735148,REST1,RL,0.2406171315184764,0.6025,True
269,744553,REST1,RL,0.14109822737052327,0.18166666666666667,False
270,748258,REST1,RL,0.14494283166529082,0.21,False
271,749058,REST1,RL,0.08589883250181295,0.009166666666666667,False
272,753150,REST1,RL,0.09062072687538096,0.0125,False
273,756055,REST1,RL,0.17370312328274312,0.26,True
274,769064,REST1,RL,0.13757495730012148,0.15666666666666668,False
275,770352,REST1,RL,0.09803594087572325,0.01,False
276,782561,REST1,RL,0.11229608371655628,0.09333333333333334,False
277,789373,REST1,RL,0.0890069558639479,0.020833333333333332,False
278,800941,REST1,RL,0.20956505242781565,0.4683333333333333,True
279,803240,REST1,RL,0.11198584588680814,0.0525,False
280,812746,REST1,RL,0.14459185327131902,0.11916666666666667,False
281,816653,REST1,RL,0.13400852249758263,0.10666666666666667,False
282,820745,REST1,RL,0.08954124792139087,0.016666666666666666,False
283,825048,REST1,RL,0.11762835420808453,0.058333333333333334,False
284,833148,REST1,RL,0.09488901705917693,0.03333333333333333,False
285,835657,REST1,RL,0.10959960971669183,0.07916666666666666,False
286,837560,REST1,RL,0.10077468577717046,0.02,False
287,849264,REST1,RL,0.1381167927181315,0.16333333333333333,False
288,849971,REST1,RL,0.12301807392439741,0.06416666666666666,False
289,865363,REST1,RL,0.15619338629395388,0.2275,False
290,872562,REST1,RL,0.10249387697078043,0.0225,False
291,877269,REST1,RL,0.12436226487952974,0.0675,False
292,889579,REST1,RL,0.19868825457820954,0.465,True
293,894067,REST1,RL,0.1531657477153137,0.24916666666666668,False
294,894774,REST1,RL,0.1474947005913982,0.24916666666666668,False
295,898176,REST1,RL,0.2117569649987997,0.48833333333333334,True
296,899885,REST1,RL,0.07805070143536176,0.009166666666666667,False
297,901442,REST1,RL,0.11092595255981873,0.06916666666666667,False
298,907656,REST1,RL,0.1735168607776031,0.365,True
299,912447,REST1,RL,0.13000813411745135,0.10166666666666667,False
300,922854,REST1,RL,0.2417411914751075,0.6525,True
301,923755,REST1,RL,0.1884706373673091,0.44083333333333335,True
302,930449,REST1,RL,0.16595930452320248,0.31,True
303,952863,REST1,RL,0.15794099552608215,0.2633333333333333,True
304,955465,REST1,RL,0.19232599415256832,0.43166666666666664,True
305,957974,REST1,RL,0.0790733938276056,0.005833333333333334,False
306,966975,REST1,RL,0.10323628242608483,0.05333333333333334,False
307,987983,REST1,RL,0.12122231386656823,0.06833333333333333,False
308,993675,REST1,RL,0.13497773110985892,0.15,False
309,994273,REST1,RL,0.1817209980944204,0.3416666666666667,True
310,100206,REST1,LR,0.09990804779581888,0.04416666666666667,False
311,100610,REST1,LR,0.1626174467099401,0.30416666666666664,True
312,101006,REST1,LR,0.17381874761858238,0.34833333333333333,True
313,101309,REST1,LR,0.12014018533012849,0.08333333333333333,False
314,101915,REST1,LR,0.1815224141703982,0.3491666666666667,True
315,102311,REST1,LR,0.16280586207696368,0.24333333333333335,False
316,102513,REST1,LR,0.09897518685421591,0.051666666666666666,False
317,103414,REST1,LR,0.13508290224407654,0.15666666666666668,False
318,103515,REST1,LR,0.21815040539408528,0.445,True
319,103818,REST1,LR,0.18853714778669883,0.4066666666666667,True
320,105115,REST1,LR,0.12287110620574358,0.11666666666666667,False
321,106016,REST1,LR,0.1620448513927911,0.3225,True
322,107321,REST1,LR,0.13083346738483337,0.15,False
323,107422,REST1,LR,0.1192416950571906,0.07916666666666666,False
324,108222,REST1,LR,0.12738619303608606,0.1325,False
325,109830,REST1,LR,0.1544711793208244,0.2075,False
326,110007,REST1,LR,0.18163608873470283,0.3975,True
327,110411,REST1,LR,0.13491901013425764,0.12666666666666668,False
328,110613,REST1,LR,0.1421797780420241,0.21916666666666668,False
329,112112,REST1,LR,0.1279492668280953,0.15333333333333332,False
330,112314,REST1,LR,0.10245613455820572,0.035833333333333335,False
331,112920,REST1,LR,0.14925429934899762,0.245,False
332,113619,REST1,LR,0.15154904420578044,0.2608333333333333,True
333,113922,REST1,LR,0.1843873879593918,0.30916666666666665,True
334,116524,REST1,LR,0.22633280482002044,0.4708333333333333,True
335,118124,REST1,LR,0.157741521719501,0.22833333333333333,False
336,118528,REST1,LR,0.12748512071123747,0.125,False
337,119126,REST1,LR,0.12625457587581826,0.11583333333333333,False
338,121416,REST1,LR,0.17171925950602676,0.3675,True
339,122822,REST1,LR,0.17472245305795525,0.39166666666666666,True
340,123117,REST1,LR,0.27864564274287373,0.7091666666666666,True
341,124422,REST1,LR,0.12008102812032656,0.08666666666666667,False
342,124826,REST1,LR,0.10306008927893155,0.0225,False
343,127630,REST1,LR,0.20942460084467973,0.4925,True
344,128632,REST1,LR,0.12372025011531498,0.095,False
345,129028,REST1,LR,0.15438793730492908,0.295,True
346,129129,REST1,LR,0.14869274308039598,0.2275,False
347,129634,REST1,LR,0.09050570538884574,0.051666666666666666,False
348,130013,REST1,LR,0.13676045919836283,0.12,False
349,130316,REST1,LR,0.20322323786840854,0.4525,True
350,130417,REST1,LR,0.18346071013233492,0.38333333333333336,True
351,131217,REST1,LR,0.1315946131981207,0.1425,False
352,131823,REST1,LR,0.11669595031628788,0.1075,False
353,132017,REST1,LR,0.15001181485036577,0.235,False
354,133019,REST1,LR,0.1536789213289082,0.23583333333333334,False
355,134021,REST1,LR,0.11038391434980431,0.06416666666666666,False
356,134223,REST1,LR,0.15399165985630683,0.195,False
357,134425,REST1,LR,0.16676858545631187,0.22833333333333333,False
358,134728,REST1,LR,0.17285849636495504,0.36666666666666664,True
359,135528,REST1,LR,0.11963387635313723,0.11083333333333334,False
360,135730,REST1,LR,0.15828063157033584,0.24083333333333334,False
361,135932,REST1,LR,0.11534073619929756,0.0825,False
362,136833,REST1,LR,0.1837196555740765,0.39,True
363,137229,REST1,LR,0.18082363934733917,0.43083333333333335,True
364,137633,REST1,LR,0.13631454801504014,0.13666666666666666,False
365,138231,REST1,LR,0.17851137570073267,0.3408333333333333,True
366,139233,REST1,LR,0.18851111392667577,0.435,True
367,139637,REST1,LR,0.1378776413812622,0.18833333333333332,False
368,139839,REST1,LR,0.11274115235515665,0.013333333333333334,False
369,140117,REST1,LR,0.10803620530418735,0.07833333333333334,False
370,141119,REST1,LR,0.20031270641805013,0.44083333333333335,True
371,141826,REST1,LR,0.21990651710353978,0.5625,True
372,144125,REST1,LR,0.22224946905380685,0.5183333333333333,True
373,144731,REST1,LR,0.25453455349553966,0.6125,True
374,146129,REST1,LR,0.13202834102048439,0.1325,False
375,146432,REST1,LR,0.12329617869814158,0.11333333333333333,False
376,146533,REST1,LR,0.11481313568877345,0.04666666666666667,False
377,146937,REST1,LR,0.1563486220710799,0.2866666666666667,True
378,148133,REST1,LR,0.1268576581242328,0.1225,False
379,149236,REST1,LR,0.11236370309555885,0.05,False
380,149337,REST1,LR,0.09019098733444716,0.03,False
381,149539,REST1,LR,0.15875269337767983,0.21166666666666667,False
382,149842,REST1,LR,0.12060604893908082,0.08,False
383,150625,REST1,LR,0.12485095449494824,0.08083333333333333,False
384,150928,REST1,LR,0.08992470375972768,0.05,False
385,151627,REST1,LR,0.10934154066026487,0.0275,False
386,152831,REST1,LR,0.14402659800867507,0.19833333333333333,False
387,153227,REST1,LR,0.13444813055601498,0.0925,False
388,154229,REST1,LR,0.1909065870794155,0.43,True
389,154532,REST1,LR,0.1633324908475734,0.24666666666666667,False
390,154734,REST1,LR,0.14452490623409167,0.20083333333333334,False
391,154835,REST1,LR,0.12890472695990798,0.09333333333333334,False
392,154936,REST1,LR,0.15185488686193674,0.2658333333333333,True
393,155635,REST1,LR,0.18819533230028387,0.42333333333333334,True
394,155938,REST1,LR,0.1179272001847717,0.10333333333333333,False
395,157942,REST1,LR,0.18624408968120953,0.38333333333333336,True
396,158035,REST1,LR,0.12421971369600487,0.04083333333333333,False
397,159239,REST1,LR,0.1481441402682384,0.2075,False
398,159340,REST1,LR,0.2207366344054953,0.5575,True
399,159441,REST1,LR,0.1717184043156945,0.2758333333333333,True
400,160830,REST1,LR,0.21778412690296756,0.4083333333333333,True
401,161731,REST1,LR,0.1913664407907235,0.42333333333333334,True
402,162329,REST1,LR,0.24689849343246162,0.5716666666666667,True
403,162733,REST1,LR,0.13795281899717185,0.18416666666666667,False
404,164030,REST1,LR,0.09372464116194693,0.0175,False
405,164939,REST1,LR,0.19104876590984715,0.44583333333333336,True
406,167238,REST1,LR,0.21673896727365094,0.43833333333333335,True
407,168240,REST1,LR,0.2561876027091816,0.6558333333333334,True
408,169949,REST1,LR,0.14269776614429217,0.19333333333333333,False
409,170631,REST1,LR,0.19628202795356783,0.4275,True
410,171633,REST1,LR,0.19437673475019882,0.4075,True
411,172938,REST1,LR,0.224694465580248,0.5416666666666666,True
412,173435,REST1,LR,0.09455041809851422,0.015833333333333335,False
413,173536,REST1,LR,0.12692721314715535,0.14833333333333334,False
414,173738,REST1,LR,0.1551626611055048,0.24666666666666667,False
415,173839,REST1,LR,0.13832450455241443,0.1425,False
416,173940,REST1,LR,0.11244277832809586,0.05,False
417,174437,REST1,LR,0.11362002951974182,0.07333333333333333,False
418,175035,REST1,LR,0.23680847576394579,0.5691666666666667,True
419,175237,REST1,LR,0.14677402517928992,0.2,False
420,175338,REST1,LR,0.16502760705415948,0.25166666666666665,True
421,175439,REST1,LR,0.2744553162990327,0.6666666666666666,True
422,175742,REST1,LR,0.1326276273774858,0.08583333333333333,False
423,176037,REST1,LR,0.14045727313213213,0.1775,False
424,178950,REST1,LR,0.14076013997368553,0.21083333333333334,False
425,179346,REST1,LR,0.12876461871000908,0.12083333333333333,False
426,181131,REST1,LR,0.2006899813075207,0.4975,True
427,181232,REST1,LR,0.10089345768366487,0.021666666666666667,False
428,183034,REST1,LR,0.11858330659027473,0.08166666666666667,False
429,185139,REST1,LR,0.17124378476762436,0.34,True
430,185442,REST1,LR,0.14425871909768995,0.18166666666666667,False
431,186141,REST1,LR,0.15982356878865453,0.2683333333333333,True
432,186444,REST1,LR,0.12159264491175074,0.1325,False
433,187345,REST1,LR,0.08427833992141585,0.014166666666666666,False
434,188448,REST1,LR,0.08585651735898239,0.005833333333333334,False
435,188549,REST1,LR,0.1222277026237432,0.1075,False
436,189450,REST1,LR,0.16993176900238666,0.29333333333333333,True
437,191033,REST1,LR,0.12524984221588475,0.13916666666666666,False
438,192035,REST1,LR,0.10406723757735807,0.0275,False
439,192136,REST1,LR,0.10095436475024949,0.030833333333333334,False
440,192843,REST1,LR,0.11139222249993445,0.06666666666666667,False
441,194645,REST1,LR,0.08089878267345302,0.010833333333333334,False
442,194746,REST1,LR,0.13072850736125602,0.1175,False
443,195445,REST1,LR,0.1343345736331967,0.16083333333333333,False
444,195849,REST1,LR,0.14994488327395655,0.2275,False
445,195950,REST1,LR,0.113204494565126,0.0625,False
446,197348,REST1,LR,0.283870944770044,0.7025,True
447,198855,REST1,LR,0.13972703574124237,0.14666666666666667,False
448,199453,REST1,LR,0.12060991153044644,0.08666666666666667,False
449,199958,REST1,LR,0.1632704644567824,0.2725,True
450,200008,REST1,LR,0.20781098144046758,0.5066666666666667,True
451,200311,REST1,LR,0.1393683449322567,0.18333333333333332,False
452,200614,REST1,LR,0.17084609698580197,0.32416666666666666,True
453,201111,REST1,LR,0.09968510481426807,0.025,False
454,202719,REST1,LR,0.1156735116287431,0.06666666666666667,False
455,203418,REST1,LR,0.11215537528601076,0.07583333333333334,False
456,203923,REST1,LR,0.19881820606833472,0.3358333333333333,True
457,204319,REST1,LR,0.14320989995618782,0.20916666666666667,False
458,204521,REST1,LR,0.13896200787386764,0.16333333333333333,False
459,204622,REST1,LR,0.16275598924023116,0.27666666666666667,True
460,205119,REST1,LR,0.14864715273137472,0.21666666666666667,False
461,206222,REST1,LR,0.13344190035479422,0.16,False
462,208125,REST1,LR,0.11004664704056764,0.060833333333333336,False
463,208327,REST1,LR,0.10651967583919991,0.05333333333333334,False
464,209228,REST1,LR,0.1272265255267593,0.0975,False
465,210415,REST1,LR,0.15991380986541362,0.2808333333333333,True
466,211215,REST1,LR,0.11801788867180896,0.13833333333333334,False
467,211316,REST1,LR,0.1514091360500923,0.21083333333333334,False
468,211922,REST1,LR,0.13409216284776942,0.185,False
469,212015,REST1,LR,0.1300092565767533,0.12416666666666666,False
470,212419,REST1,LR,0.14515970715266943,0.21916666666666668,False
471,213421,REST1,LR,0.21988435767494782,0.4866666666666667,True
472,214019,REST1,LR,0.18037200793591252,0.4091666666666667,True
473,214221,REST1,LR,0.18575756068565136,0.2775,True
474,214423,REST1,LR,0.17495651534130852,0.3175,True
475,214524,REST1,LR,0.12013307105228382,0.07083333333333333,False
476,220721,REST1,LR,0.12833900756363503,0.15916666666666668,False
477,221319,REST1,LR,0.20132799542677385,0.4683333333333333,True
478,227432,REST1,LR,0.19352107286206854,0.37166666666666665,True
479,228434,REST1,LR,0.19781990612601022,0.37583333333333335,True
480,248339,REST1,LR,0.08984585061594971,0.04083333333333333,False
481,250932,REST1,LR,0.09460139796309647,0.03166666666666667,False
482,255639,REST1,LR,0.11548062077993791,0.051666666666666666,False
483,257542,REST1,LR,0.13849277460689077,0.17,False
484,257845,REST1,LR,0.14962408298956936,0.26,True
485,268850,REST1,LR,0.1569773347945467,0.2941666666666667,True
486,285446,REST1,LR,0.0995936547188662,0.03,False
487,293748,REST1,LR,0.2200071384579667,0.5616666666666666,True
488,297655,REST1,LR,0.1524603425281947,0.1925,False
489,298051,REST1,LR,0.2581119927507554,0.6308333333333334,True
490,299154,REST1,LR,0.14082766487265397,0.1375,False
491,300618,REST1,LR,0.09014182185026871,0.011666666666666667,False
492,303119,REST1,LR,0.16488411905225903,0.27,True
493,304727,REST1,LR,0.1807272503611461,0.36833333333333335,True
494,308331,REST1,LR,0.21651439860166444,0.5183333333333333,True
495,309636,REST1,LR,0.11322109635684198,0.056666666666666664,False
496,310621,REST1,LR,0.12405471375742745,0.043333333333333335,False
497,316633,REST1,LR,0.11278316590081744,0.04583333333333333,False
498,316835,REST1,LR,0.11733860682910124,0.0675,False
499,318637,REST1,LR,0.1419872436408124,0.17833333333333334,False
500,336841,REST1,LR,0.11265859856420678,0.0675,False
501,361941,REST1,LR,0.11377640342147634,0.105,False
502,371843,REST1,LR,0.20191330680103461,0.4083333333333333,True
503,377451,REST1,LR,0.11870697746502307,0.058333333333333334,False
504,380036,REST1,LR,0.14679487523079213,0.25583333333333336,True
505,381038,REST1,LR,0.1968480836229113,0.4058333333333333,True
506,386250,REST1,LR,0.11778188423942919,0.0975,False
507,387959,REST1,LR,0.17031686315358377,0.32666666666666666,True
508,393247,REST1,LR,0.18601854829292155,0.435,True
509,393550,REST1,LR,0.14941666081425264,0.21416666666666667,False
510,395251,REST1,LR,0.14191956202901035,0.14583333333333334,False
511,395756,REST1,LR,0.1019845789479502,0.03333333333333333,False
512,397154,REST1,LR,0.11603470254559402,0.0725,False
513,397760,REST1,LR,0.1672735084217777,0.31666666666666665,True
514,412528,REST1,LR,0.109607431949397,0.07,False
515,414229,REST1,LR,0.169987976201321,0.3408333333333333,True
516,432332,REST1,LR,0.1618118848361624,0.225,False
517,433839,REST1,LR,0.2680361277859399,0.6158333333333333,True
518,436845,REST1,LR,0.1390595351398467,0.12916666666666668,False
519,449753,REST1,LR,0.18153918168179034,0.29833333333333334,True
520,459453,REST1,LR,0.1375023207483524,0.1975,False
521,479762,REST1,LR,0.11411324141476205,0.08416666666666667,False
522,495255,REST1,LR,0.2260122648356613,0.5266666666666666,True
523,499566,REST1,LR,0.13291616504117448,0.18416666666666667,False
524,510326,REST1,LR,0.12598336613423114,0.1,False
525,517239,REST1,LR,0.19152536810841217,0.335,True
526,520228,REST1,LR,0.12299766963297278,0.1225,False
527,524135,REST1,LR,0.0956384655069042,0.035833333333333335,False
528,525541,REST1,LR,0.16459976544291924,0.33166666666666667,True
529,529549,REST1,LR,0.12777172963182176,0.10833333333333334,False
530,529953,REST1,LR,0.10555044289791476,0.050833333333333335,False
531,530635,REST1,LR,0.15225881703569213,0.2816666666666667,True
532,553344,REST1,LR,0.10855758802111971,0.049166666666666664,False
533,555651,REST1,LR,0.165047433884675,0.3125,True
534,559053,REST1,LR,0.18328272093983367,0.38916666666666666,True
535,561444,REST1,LR,0.18224520461579483,0.36833333333333335,True
536,567052,REST1,LR,0.10766657736669939,0.050833333333333335,False
537,567961,REST1,LR,0.12107242634334611,0.09166666666666666,False
538,568963,REST1,LR,0.08693804820683534,0.009166666666666667,False
539,571144,REST1,LR,0.09661834015331451,0.0225,False
540,573249,REST1,LR,0.11440666981408827,0.0775,False
541,580044,REST1,LR,0.19251463330259716,0.4325,True
542,580751,REST1,LR,0.21307764768883952,0.36916666666666664,True
543,581349,REST1,LR,0.15402290829213058,0.25666666666666665,True
544,587664,REST1,LR,0.1351733599793503,0.10583333333333333,False
545,597869,REST1,LR,0.13626230400307293,0.11833333333333333,False
546,598568,REST1,LR,0.16223761041295892,0.215,False
547,599065,REST1,LR,0.07805137445268592,0.0,False
548,599671,REST1,LR,0.17082006947410433,0.2025,False
549,604537,REST1,LR,0.18743004882085407,0.1875,False
550,611938,REST1,LR,0.1515636808732631,0.22083333333333333,False
551,616645,REST1,LR,0.13529836070965287,0.09416666666666666,False
552,618952,REST1,LR,0.15456063951499877,0.215,False
553,622236,REST1,LR,0.11923540902452179,0.0725,False
554,627549,REST1,LR,0.14873753994397043,0.22916666666666666,False
555,638049,REST1,LR,0.1477879316051883,0.2375,False
556,645450,REST1,LR,0.13023422574625795,0.14416666666666667,False
557,654350,REST1,LR,0.1294320054674375,0.10583333333333333,False
558,654754,REST1,LR,0.12503645846455366,0.09916666666666667,False
559,656253,REST1,LR,0.12246385261086971,0.10583333333333333,False
560,656657,REST1,LR,0.14933302098282517,0.19583333333333333,False
561,657659,REST1,LR,0.10549941671435545,0.05,False
562,660951,REST1,LR,0.12455171684912941,0.1025,False
563,663755,REST1,LR,0.11430166095423838,0.065,False
564,664757,REST1,LR,0.1618826702427148,0.24083333333333334,False
565,667056,REST1,LR,0.1842958116923264,0.32166666666666666,True
566,671855,REST1,LR,0.2602264992563037,0.6266666666666667,True
567,672756,REST1,LR,0.19694510053014874,0.45416666666666666,True
568,679568,REST1,LR,0.09085093604218149,0.008333333333333333,False
569,679770,REST1,LR,0.10716065508255532,0.058333333333333334,False
570,690152,REST1,LR,0.13215602374593477,0.18583333333333332,False
571,695768,REST1,LR,0.22778307624867353,0.5866666666666667,True
572,702133,REST1,LR,0.2675926388639035,0.44583333333333336,True
573,715950,REST1,LR,0.14074287142314654,0.20833333333333334,False
574,724446,REST1,LR,0.12948181304974124,0.1225,False
575,725751,REST1,LR,0.1410073256157568,0.13166666666666665,False
576,729557,REST1,LR,0.14366431784087036,0.1775,False
577,731140,REST1,LR,0.12370532965023277,0.09083333333333334,False
578,735148,REST1,LR,0.20185794379510155,0.4191666666666667,True
579,744553,REST1,LR,0.1511348804229326,0.20583333333333334,False
580,748258,REST1,LR,0.158464316240695,0.30333333333333334,True
581,749058,REST1,LR,0.08698182756341666,0.011666666666666667,False
582,753150,REST1,LR,0.088996971253631,0.014166666666666666,False
583,756055,REST1,LR,0.16089015375813828,0.24583333333333332,False
584,769064,REST1,LR,0.1338288296329526,0.14166666666666666,False
585,770352,REST1,LR,0.1622813119822426,0.14416666666666667,False
586,782561,REST1,LR,0.13482387754549757,0.17666666666666667,False
587,789373,REST1,LR,0.12673228679616536,0.1225,False
588,800941,REST1,LR,0.1419490591891842,0.18166666666666667,False
589,803240,REST1,LR,0.1360735362555702,0.1225,False
590,812746,REST1,LR,0.13870412175053815,0.10333333333333333,False
591,816653,REST1,LR,0.13131699921907353,0.1025,False
592,820745,REST1,LR,0.10467446456054036,0.04,False
593,825048,REST1,LR,0.1248154511439597,0.04416666666666667,False
594,833148,REST1,LR,0.08694140664121298,0.023333333333333334,False
595,835657,REST1,LR,0.13234326661017135,0.17,False
596,837560,REST1,LR,0.0929230531116724,0.015,False
597,849264,REST1,LR,0.1663305375361138,0.3516666666666667,True
598,849971,REST1,LR,0.11250052729897836,0.0575,False
599,865363,REST1,LR,0.18175652910375356,0.2975,True
600,872562,REST1,LR,0.1185924768122612,0.06666666666666667,False
601,877269,REST1,LR,0.13403012873221876,0.11583333333333333,False
602,889579,REST1,LR,0.21378697043285064,0.5016666666666667,True
603,894067,REST1,LR,0.16534930631168498,0.335,True
604,894774,REST1,LR,0.1739388634795786,0.3858333333333333,True
605,898176,REST1,LR,0.2485183764423838,0.5416666666666666,True
606,899885,REST1,LR,0.10322334357972927,0.04083333333333333,False
607,901442,REST1,LR,0.11743729705930975,0.06333333333333334,False
608,907656,REST1,LR,0.21268854533997672,0.445,True
609,912447,REST1,LR,0.13136512475070325,0.09666666666666666,False
610,922854,REST1,LR,0.2239527890853257,0.5875,True
611,923755,REST1,LR,0.2107637117491574,0.5141666666666667,True
612,930449,REST1,LR,0.15446279547803896,0.25916666666666666,True
613,952863,REST1,LR,0.15818073445760414,0.2808333333333333,True
614,955465,REST1,LR,0.16202129963884257,0.2758333333333333,True
615,957974,REST1,LR,0.08949493583276365,0.025,False
616,966975,REST1,LR,0.10694370425181134,0.0825,False
617,987983,REST1,LR,0.11284865210506377,0.051666666666666666,False
618,993675,REST1,LR,0.14038404881806626,0.18333333333333332,False
619,994273,REST1,LR,0.20861370028198117,0.45416666666666666,True
620,100206,REST2,RL,0.1066235745214248,0.055,False
621,100610,REST2,RL,0.2025627217125242,0.49166666666666664,True
622,101006,REST2,RL,0.13993139548640893,0.16083333333333333,False
623,101309,REST2,RL,0.12888480605417926,0.12333333333333334,False
624,101915,REST2,RL,0.17410397061146562,0.3358333333333333,True
625,102311,REST2,RL,0.21513469508587163,0.485,True
626,102513,REST2,RL,0.10546219971666349,0.028333333333333332,False
627,103414,REST2,RL,0.12603748098964207,0.13416666666666666,False
628,103515,REST2,RL,0.3163467087905913,0.7366666666666667,True
629,103818,REST2,RL,0.16561484092286033,0.30583333333333335,True
630,105115,REST2,RL,0.11551918162764821,0.08916666666666667,False
631,106016,REST2,RL,0.13788179580012339,0.20916666666666667,False
632,107321,REST2,RL,0.07587016508152629,0.009166666666666667,False
633,107422,REST2,RL,0.13456369623059714,0.1675,False
634,108222,REST2,RL,0.13324622843957068,0.14416666666666667,False
635,109830,REST2,RL,0.16358962365040589,0.18833333333333332,False
636,110007,REST2,RL,0.19162123381266508,0.4266666666666667,True
637,110411,REST2,RL,0.1023542947262846,0.05583333333333333,False
638,110613,REST2,RL,0.18280224965794123,0.3566666666666667,True
639,112112,REST2,RL,0.1243329276678342,0.09666666666666666,False
640,112314,REST2,RL,0.10113771797663797,0.021666666666666667,False
641,112920,REST2,RL,0.1511796899905363,0.25083333333333335,True
642,113619,REST2,RL,0.1816435581641012,0.4216666666666667,True
643,113922,REST2,RL,0.1306581435316991,0.13833333333333334,False
644,116524,REST2,RL,0.37868130707834236,0.6816666666666666,True
645,118124,REST2,RL,0.17020483129513636,0.3566666666666667,True
646,118528,REST2,RL,0.13091808896283474,0.125,False
647,119126,REST2,RL,0.18284720415523986,0.4141666666666667,True
648,121416,REST2,RL,0.12593523838481085,0.1275,False
649,122822,REST2,RL,0.13404678278546417,0.13083333333333333,False
650,123117,REST2,RL,0.24275583183280483,0.59,True
651,124422,REST2,RL,0.11256363724947242,0.0875,False
652,124826,REST2,RL,0.08981959153018448,0.023333333333333334,False
653,127630,REST2,RL,0.17012201440744112,0.36083333333333334,True
654,128632,REST2,RL,0.1624274239835781,0.2708333333333333,True
655,129028,REST2,RL,0.14357284813670973,0.2425,False
656,129129,REST2,RL,0.17237001142539518,0.31666666666666665,True
657,129634,REST2,RL,0.10675605638830914,0.060833333333333336,False
658,130013,REST2,RL,0.14148011778448585,0.14083333333333334,False
659,130316,REST2,RL,0.25176948542294547,0.6216666666666667,True
660,130417,REST2,RL,0.1493487582124573,0.2575,True
661,131217,REST2,RL,0.13196838828155638,0.12166666666666667,False
662,131823,REST2,RL,0.10041943376941516,0.043333333333333335,False
663,132017,REST2,RL,0.1559941149107198,0.25166666666666665,True
664,133019,REST2,RL,0.14254449387773524,0.185,False
665,134021,REST2,RL,0.10322153099817537,0.03333333333333333,False
666,134223,REST2,RL,0.13385632550597004,0.06333333333333334,False
667,134425,REST2,RL,0.16101403526649086,0.15333333333333332,False
668,134728,REST2,RL,0.19730739948460643,0.4325,True
669,135528,REST2,RL,0.12653649195696637,0.10166666666666667,False
670,135730,REST2,RL,0.13036450042188316,0.11166666666666666,False
671,135932,REST2,RL,0.0973281237054647,0.025833333333333333,False
672,136833,REST2,RL,0.21417974391836017,0.4625,True
673,137229,REST2,RL,0.17899817699829437,0.3975,True
674,137633,REST2,RL,0.166699997144328,0.2783333333333333,True
675,138231,REST2,RL,0.15039307816542588,0.17416666666666666,False
676,139233,REST2,RL,0.16050057761786904,0.2916666666666667,True
677,139637,REST2,RL,0.1343818220397723,0.15666666666666668,False
678,139839,REST2,RL,0.1256231541740747,0.07416666666666667,False
679,140117,REST2,RL,0.10305011887974591,0.08333333333333333,False
680,141119,REST2,RL,0.3659394547627166,0.7325,True
681,141826,REST2,RL,0.28234327041344187,0.6691666666666667,True
682,144125,REST2,RL,0.22615327761438986,0.495,True
683,144731,REST2,RL,0.2313812662546648,0.525,True
684,146129,REST2,RL,0.11184616702956353,0.05583333333333333,False
685,146432,REST2,RL,0.12697826357665232,0.0925,False
686,146533,REST2,RL,0.1396224268829894,0.17583333333333334,False
687,146937,REST2,RL,0.14082043750464532,0.1425,False
688,148133,REST2,RL,0.16169008120439576,0.315,True
689,149236,REST2,RL,0.13573491917957745,0.14083333333333334,False
690,149337,REST2,RL,0.12886622796693753,0.1125,False
691,149539,REST2,RL,0.17362040445381144,0.2825,True
692,149842,REST2,RL,0.1531173753486966,0.21666666666666667,False
693,150625,REST2,RL,0.14995630004306434,0.11416666666666667,False
694,150928,REST2,RL,0.09884312653572809,0.06416666666666666,False
695,151627,REST2,RL,0.13438757208033508,0.11833333333333333,False
696,152831,REST2,RL,0.1638587703803705,0.31083333333333335,True
697,153227,REST2,RL,0.16467088091072668,0.25,False
698,154229,REST2,RL,0.16325073235290197,0.24166666666666667,False
699,154532,REST2,RL,0.1946698936025393,0.45,True
700,154734,REST2,RL,0.12686199880930915,0.14083333333333334,False
701,154835,REST2,RL,0.15600424245421132,0.2,False
702,154936,REST2,RL,0.18864586682463108,0.43083333333333335,True
703,155635,REST2,RL,0.21617686883893375,0.51,True
704,155938,REST2,RL,0.12626578352562495,0.10666666666666667,False
705,157942,REST2,RL,0.18918549936683063,0.41,True
706,158035,REST2,RL,0.09755239621371778,0.015,False
707,159239,REST2,RL,0.15140041818348662,0.24666666666666667,False
708,159340,REST2,RL,0.19160252357024074,0.4791666666666667,True
709,159441,REST2,RL,0.20177861195415622,0.3925,True
710,160830,REST2,RL,0.2750397165997958,0.665,True
711,161731,REST2,RL,0.13767362853961523,0.14916666666666667,False
712,162329,REST2,RL,0.19797691747588866,0.42916666666666664,True
713,162733,REST2,RL,0.17191414913268038,0.33916666666666667,True
714,164030,REST2,RL,0.07964110822855053,0.005,False
715,164939,REST2,RL,0.23542854380965347,0.39,True
716,167238,REST2,RL,0.13360783639187923,0.1525,False
717,168240,REST2,RL,0.257147190009095,0.6358333333333334,True
718,169949,REST2,RL,0.1684470358902358,0.3233333333333333,True
719,170631,REST2,RL,0.23126747546138365,0.5125,True
720,171633,REST2,RL,0.2362115094091853,0.44083333333333335,True
721,172938,REST2,RL,0.15489115908822104,0.26166666666666666,True
722,173435,REST2,RL,0.09993612741159902,0.04416666666666667,False
723,173536,REST2,RL,0.0954161343255883,0.035,False
724,173738,REST2,RL,0.14241133584650126,0.16916666666666666,False
725,173839,REST2,RL,0.22501701701404828,0.5725,True
726,173940,REST2,RL,0.11795739339991984,0.08,False
727,174437,REST2,RL,0.1682405167373273,0.29083333333333333,True
728,175035,REST2,RL,0.29497083042857486,0.68,True
729,175237,REST2,RL,0.13118385963728482,0.14333333333333334,False
730,175338,REST2,RL,0.09220586272543049,0.023333333333333334,False
731,175439,REST2,RL,0.4168704968705491,0.8508333333333333,True
732,175742,REST2,RL,0.10512488257104945,0.035833333333333335,False
733,176037,REST2,RL,0.1752988466056565,0.39416666666666667,True
734,178950,REST2,RL,0.10613807005762503,0.0475,False
735,179346,REST2,RL,0.12133468111948488,0.095,False
736,181131,REST2,RL,0.24206664597795766,0.58,True
737,181232,REST2,RL,0.1122095382470368,0.04083333333333333,False
738,183034,REST2,RL,0.20238159840635697,0.4608333333333333,True
739,185139,REST2,RL,0.11891402251571968,0.07416666666666667,False
740,185442,REST2,RL,0.1314070417124566,0.14,False
741,186141,REST2,RL,0.1899537565000637,0.42583333333333334,True
742,186444,REST2,RL,0.15893240566653077,0.22666666666666666,False
743,187345,REST2,RL,0.09110014719626532,0.0175,False
744,188448,REST2,RL,0.10745029017424784,0.0275,False
745,188549,REST2,RL,0.14583065744449017,0.21083333333333334,False
746,189450,REST2,RL,0.23912589836295864,0.535,True
747,191033,REST2,RL,0.11476331918608451,0.07083333333333333,False
748,192035,REST2,RL,0.12604344972508605,0.1,False
749,192136,REST2,RL,0.09787838296151832,0.030833333333333334,False
750,192843,REST2,RL,0.12565485682567584,0.06166666666666667,False
751,194645,REST2,RL,0.08724645739828626,0.025,False
752,194746,REST2,RL,0.19515438181214692,0.3875,True
753,195445,REST2,RL,0.08841521963614218,0.013333333333333334,False
754,195849,REST2,RL,0.14667423044805394,0.2375,False
755,195950,REST2,RL,0.1554266363704936,0.20083333333333334,False
756,197348,REST2,RL,0.1940307799623145,0.43416666666666665,True
757,198855,REST2,RL,0.13277777822396591,0.175,False
758,199453,REST2,RL,0.14625174521286358,0.20166666666666666,False
759,199958,REST2,RL,0.19183644027566465,0.3858333333333333,True
760,200008,REST2,RL,0.19815586325970963,0.495,True
761,200311,REST2,RL,0.1314107138299274,0.19666666666666666,False
762,200614,REST2,RL,0.20834360541955677,0.5008333333333334,True
763,201111,REST2,RL,0.11341810539701996,0.04666666666666667,False
764,202719,REST2,RL,0.11794586665185368,0.06166666666666667,False
765,203418,REST2,RL,0.13230516344575913,0.13916666666666666,False
766,203923,REST2,RL,0.15123683740977312,0.22166666666666668,False
767,204319,REST2,RL,0.12633536114958013,0.10416666666666667,False
768,204521,REST2,RL,0.15259691765651676,0.24166666666666667,False
769,204622,REST2,RL,0.16391925913480826,0.26916666666666667,True
770,205119,REST2,RL,0.12893768219660987,0.13,False
771,206222,REST2,RL,0.13243858275578446,0.06166666666666667,False
772,208125,REST2,RL,0.10310915936317078,0.04666666666666667,False
773,208327,REST2,RL,0.0902216171109675,0.010833333333333334,False
774,209228,REST2,RL,0.13433077300704155,0.11666666666666667,False
775,210415,REST2,RL,0.22930074172167206,0.5575,True
776,211215,REST2,RL,0.09599558326036114,0.028333333333333332,False
777,211316,REST2,RL,0.1573794839635293,0.2475,False
778,211922,REST2,RL,0.15939703455071044,0.24916666666666668,False
779,212015,REST2,RL,0.12827797934296187,0.11166666666666666,False
780,212419,REST2,RL,0.1313840736883245,0.10083333333333333,False
781,213421,REST2,RL,0.20858480527514786,0.4608333333333333,True
782,214019,REST2,RL,0.21104265469781694,0.5108333333333334,True
783,214221,REST2,RL,0.13012042124830087,0.1075,False
784,214423,REST2,RL,0.19121495926488444,0.4633333333333333,True
785,214524,REST2,RL,0.14937992927600172,0.22416666666666665,False
786,220721,REST2,RL,0.13586981505650267,0.1875,False
787,221319,REST2,RL,0.26025986434273374,0.5691666666666667,True
788,227432,REST2,RL,0.3170264409358667,0.6141666666666666,True
789,228434,REST2,RL,0.1747586064063044,0.26416666666666666,True
790,248339,REST2,RL,0.14216808039897144,0.195,False
791,250932,REST2,RL,0.11482219676363609,0.07,False
792,255639,REST2,RL,0.13239443228241563,0.08416666666666667,False
793,257542,REST2,RL,0.17371628911241765,0.3383333333333333,True
794,257845,REST2,RL,0.1373993466340424,0.20416666666666666,False
795,268850,REST2,RL,0.10541583585365757,0.0325,False
796,285446,REST2,RL,0.10259223091047423,0.025,False
797,293748,REST2,RL,0.18319998630410178,0.4266666666666667,True
798,297655,REST2,RL,0.10185997916366775,0.04,False
799,298051,REST2,RL,0.37101346502734517,0.7858333333333334,True
800,299154,REST2,RL,0.12472608636103859,0.06916666666666667,False
801,300618,REST2,RL,0.08246394662201416,0.005833333333333334,False
802,303119,REST2,RL,0.1271757183448568,0.11,False
803,304727,REST2,RL,0.1602224685523898,0.26916666666666667,True
804,308331,REST2,RL,0.29647657065260724,0.6475,True
805,309636,REST2,RL,0.10624087823558079,0.04,False
806,310621,REST2,RL,0.12482369992846377,0.05,False
807,316633,REST2,RL,0.12124416388828567,0.06,False
808,316835,REST2,RL,0.12299369566797376,0.10083333333333333,False
809,318637,REST2,RL,0.18804453743387536,0.39416666666666667,True
810,336841,REST2,RL,0.12182625872191795,0.085,False
811,361941,REST2,RL,0.10928448980989187,0.07083333333333333,False
812,371843,REST2,RL,0.16072482506398225,0.24166666666666667,False
813,377451,REST2,RL,0.13003338128520536,0.0975,False
814,380036,REST2,RL,0.15301624396545843,0.24833333333333332,False
815,381038,REST2,RL,0.11744772985596122,0.06916666666666667,False
816,386250,REST2,RL,0.14329960112298104,0.16,False
817,387959,REST2,RL,0.1719164368196211,0.20916666666666667,False
818,393247,REST2,RL,0.2341250320652538,0.525,True
819,393550,REST2,RL,0.13456022964663855,0.13666666666666666,False
820,395251,REST2,RL,0.15249180380114838,0.22416666666666665,False
821,395756,REST2,RL,0.12715141580886155,0.13666666666666666,False
822,397154,REST2,RL,0.1376352390582349,0.15083333333333335,False
823,397760,REST2,RL,0.20235418358790258,0.435,True
824,412528,REST2,RL,0.17060454486825202,0.2575,True
825,414229,REST2,RL,0.1452351495676324,0.23666666666666666,False
826,432332,REST2,RL,0.13701899380440313,0.12916666666666668,False
827,433839,REST2,RL,0.30638827766572596,0.67,True
828,436845,REST2,RL,0.16467151035507005,0.2683333333333333,True
829,449753,REST2,RL,0.1666693656448,0.285,True
830,459453,REST2,RL,0.10766826516562754,0.05,False
831,479762,REST2,RL,0.08838407333598469,0.019166666666666665,False
832,495255,REST2,RL,0.2773176364354124,0.6116666666666667,True
833,499566,REST2,RL,0.14822695937264066,0.20833333333333334,False
834,510326,REST2,RL,0.146158997498057,0.20333333333333334,False
835,517239,REST2,RL,0.21006458736396516,0.455,True
836,520228,REST2,RL,0.15094257412315307,0.22333333333333333,False
837,524135,REST2,RL,0.10379668631465734,0.049166666666666664,False
838,525541,REST2,RL,0.16081731438761498,0.2825,True
839,529549,REST2,RL,0.14001837251774452,0.15416666666666667,False
840,529953,REST2,RL,0.09873760335778642,0.02,False
841,530635,REST2,RL,0.17146207845637218,0.33666666666666667,True
842,553344,REST2,RL,0.11362228014577212,0.019166666666666665,False
843,555651,REST2,RL,0.1385483422588589,0.18,False
844,559053,REST2,RL,0.26292241870516153,0.6675,True
845,561444,REST2,RL,0.137529330052278,0.165,False
846,567052,REST2,RL,0.08971698246448478,0.009166666666666667,False
847,567961,REST2,RL,0.10033483993632894,0.0225,False
848,568963,REST2,RL,0.11128594364925853,0.05583333333333333,False
849,571144,REST2,RL,0.10358793666991817,0.035833333333333335,False
850,573249,REST2,RL,0.15124995569115507,0.2775,True
851,580044,REST2,RL,0.15789560705931133,0.25666666666666665,True
852,580751,REST2,RL,0.135339883775818,0.16916666666666666,False
853,581349,REST2,RL,0.3041962059092311,0.6383333333333333,True
854,587664,REST2,RL,0.17151328363412036,0.26916666666666667,True
855,597869,REST2,RL,0.1314337040276582,0.11833333333333333,False
856,598568,REST2,RL,0.12695521537019155,0.12083333333333333,False
857,599065,REST2,RL,0.09297231008397468,0.005833333333333334,False
858,599671,REST2,RL,0.1385322791671121,0.20166666666666666,False
859,604537,REST2,RL,0.20593167974664767,0.3358333333333333,True
860,611938,REST2,RL,0.2018780064990095,0.3358333333333333,True
861,616645,REST2,RL,0.10750793068724258,0.016666666666666666,False
862,618952,REST2,RL,0.1411242693187899,0.12833333333333333,False
863,622236,REST2,RL,0.12401810329208705,0.09166666666666666,False
864,627549,REST2,RL,0.3084418873888355,0.37583333333333335,True
865,638049,REST2,RL,0.1927145465117273,0.44,True
866,645450,REST2,RL,0.11275890775866033,0.058333333333333334,False
867,654350,REST2,RL,0.1400701483594204,0.18916666666666668,False
868,654754,REST2,RL,0.20253874191149313,0.33,True
869,656253,REST2,RL,0.1192462888861408,0.08333333333333333,False
870,656657,REST2,RL,0.16316695751085822,0.2525,True
871,657659,REST2,RL,0.12535594450835666,0.09916666666666667,False
872,660951,REST2,RL,0.13190872174860868,0.135,False
873,663755,REST2,RL,0.12883286445709177,0.1525,False
874,664757,REST2,RL,0.1304987881243983,0.09583333333333334,False
875,667056,REST2,RL,0.17971784723507,0.355,True
876,671855,REST2,RL,0.1388369817628948,0.13166666666666665,False
877,672756,REST2,RL,0.17878330508239965,0.3925,True
878,679568,REST2,RL,0.10374667083196341,0.0275,False
879,679770,REST2,RL,0.1289280160401671,0.09833333333333333,False
880,690152,REST2,RL,0.13362389115077836,0.17166666666666666,False
881,695768,REST2,RL,0.2857386325696146,0.6825,True
882,702133,REST2,RL,0.16455291660993093,0.31916666666666665,True
883,715950,REST2,RL,0.11748572754140144,0.05583333333333333,False
884,724446,REST2,RL,0.11856983879842478,0.056666666666666664,False
885,725751,REST2,RL,0.1635350369850199,0.3025,True
886,729557,REST2,RL,0.13183772401392735,0.15583333333333332,False
887,731140,REST2,RL,0.14024380721226007,0.12083333333333333,False
888,735148,REST2,RL,0.3803700576138436,0.6141666666666666,True
889,744553,REST2,RL,0.1608441685520186,0.24833333333333332,False
890,748258,REST2,RL,0.17613734096183867,0.385,True
891,749058,REST2,RL,0.08075491757047308,0.006666666666666667,False
892,753150,REST2,RL,0.12912863598245883,0.0525,False
893,756055,REST2,RL,0.16942771632660797,0.29583333333333334,True
894,769064,REST2,RL,0.15998789061953064,0.2683333333333333,True
895,770352,REST2,RL,0.11460296608337864,0.015,False
896,782561,REST2,RL,0.08780513408464465,0.03166666666666667,False
897,789373,REST2,RL,0.09832633271414193,0.0425,False
898,800941,REST2,RL,0.17042279045439437,0.3725,True
899,803240,REST2,RL,0.12113465067705098,0.09916666666666667,False
900,812746,REST2,RL,0.2345868002679408,0.425,True
901,816653,REST2,RL,0.16756905415679063,0.3025,True
902,820745,REST2,RL,0.0990684786889458,0.028333333333333332,False
903,825048,REST2,RL,0.13135488068658818,0.0975,False
904,833148,REST2,RL,0.09832224391639256,0.024166666666666666,False
905,835657,REST2,RL,0.11357043985154121,0.060833333333333336,False
906,837560,REST2,RL,0.07938418440878997,0.0025,False
907,849264,REST2,RL,0.13834796037953628,0.16,False
908,849971,REST2,RL,0.12664585631970554,0.07583333333333334,False
909,865363,REST2,RL,0.14247865222441877,0.1125,False
910,872562,REST2,RL,0.12000099488784562,0.04833333333333333,False
911,877269,REST2,RL,0.1524669555925449,0.20666666666666667,False
912,889579,REST2,RL,0.17643402435506636,0.3541666666666667,True
913,894067,REST2,RL,0.17954134518346482,0.3775,True
914,894774,REST2,RL,0.18369392095705409,0.415,True
915,898176,REST2,RL,0.22344757467260015,0.51,True
916,899885,REST2,RL,0.12084176562416163,0.05333333333333334,False
917,901442,REST2,RL,0.12844632540410747,0.14,False
918,907656,REST2,RL,0.20205966551681492,0.43416666666666665,True
919,912447,REST2,RL,0.14505516488624812,0.14083333333333334,False
920,922854,REST2,RL,0.256020878702874,0.6716666666666666,True
921,923755,REST2,RL,0.2236203852350108,0.5525,True
922,930449,REST2,RL,0.15159628257223975,0.24333333333333335,False
923,952863,REST2,RL,0.14993889672588126,0.23666666666666666,False
924,955465,REST2,RL,0.17634884591417463,0.36583333333333334,True
925,957974,REST2,RL,0.0943416941727335,0.0033333333333333335,False
926,966975,REST2,RL,0.1033710629549856,0.04,False
927,987983,REST2,RL,0.11048328051068625,0.10083333333333333,False
928,993675,REST2,RL,0.1532471251311388,0.2608333333333333,True
929,994273,REST2,RL,0.12595630435360927,0.10916666666666666,False
930,100206,REST2,LR,0.12351375795872314,0.1225,False
931,100610,REST2,LR,0.1725036833927508,0.325,True
932,101006,REST2,LR,0.16579971940333307,0.24666666666666667,False
933,101309,REST2,LR,0.11897039097670198,0.049166666666666664,False
934,101915,REST2,LR,0.13748663043682596,0.16916666666666666,False
935,102311,REST2,LR,0.22424693908269594,0.495,True
936,102513,REST2,LR,0.10521036958122582,0.035833333333333335,False
937,103414,REST2,LR,0.1457972153018416,0.22666666666666666,False
938,103515,REST2,LR,0.27114220483141244,0.6683333333333333,True
939,103818,REST2,LR,0.16074786479431044,0.2675,True
940,105115,REST2,LR,0.13746453463228359,0.145,False
941,106016,REST2,LR,0.1490653859479655,0.2625,True
942,107321,REST2,LR,0.08459403286866117,0.009166666666666667,False
943,107422,REST2,LR,0.12242633354363607,0.085,False
944,108222,REST2,LR,0.14759999014488612,0.19583333333333333,False
945,109830,REST2,LR,0.14610174069679172,0.14666666666666667,False
946,110007,REST2,LR,0.1745417484430648,0.36916666666666664,True
947,110411,REST2,LR,0.09944538430314137,0.05333333333333334,False
948,110613,REST2,LR,0.19401933827576626,0.3625,True
949,112112,REST2,LR,0.12163423849408114,0.10916666666666666,False
950,112314,REST2,LR,0.10477230242217624,0.028333333333333332,False
951,112920,REST2,LR,0.14952197679355453,0.25833333333333336,True
952,113619,REST2,LR,0.1351658110610592,0.18916666666666668,False
953,113922,REST2,LR,0.17370109259782243,0.3233333333333333,True
954,116524,REST2,LR,0.2787856439771207,0.5566666666666666,True
955,118124,REST2,LR,0.18203419850563587,0.3875,True
956,118528,REST2,LR,0.14188758470540422,0.1475,False
957,119126,REST2,LR,0.1636835853972534,0.31333333333333335,True
958,121416,REST2,LR,0.14908074655661185,0.24416666666666667,False
959,122822,REST2,LR,0.167738847493415,0.35083333333333333,True
960,123117,REST2,LR,0.21838543976981248,0.5575,True
961,124422,REST2,LR,0.10872325053641897,0.0575,False
962,124826,REST2,LR,0.09034579051391647,0.04,False
963,127630,REST2,LR,0.18554349089777206,0.4475,True
964,128632,REST2,LR,0.13296577296265893,0.1175,False
965,129028,REST2,LR,0.13344479680534144,0.16916666666666666,False
966,129129,REST2,LR,0.17882233857582452,0.3491666666666667,True
967,129634,REST2,LR,0.10436619404631135,0.07166666666666667,False
968,130013,REST2,LR,0.14877145962265917,0.16333333333333333,False
969,130316,REST2,LR,0.2387093350536972,0.5983333333333334,True
970,130417,REST2,LR,0.19896478372049556,0.4241666666666667,True
971,131217,REST2,LR,0.1235324877893802,0.11166666666666666,False
972,131823,REST2,LR,0.09537976632502944,0.043333333333333335,False
973,132017,REST2,LR,0.16599155322855796,0.3,True
974,133019,REST2,LR,0.1402218873693772,0.14333333333333334,False
975,134021,REST2,LR,0.09553751589342144,0.015833333333333335,False
976,134223,REST2,LR,0.13898583225091016,0.11166666666666666,False
977,134425,REST2,LR,0.1573067245453691,0.17083333333333334,False
978,134728,REST2,LR,0.17134166973668438,0.325,True
979,135528,REST2,LR,0.12280665372297572,0.10083333333333333,False
980,135730,REST2,LR,0.1474153503979621,0.22666666666666666,False
981,135932,REST2,LR,0.10442013840214384,0.04083333333333333,False
982,136833,REST2,LR,0.1884307369966069,0.3475,True
983,137229,REST2,LR,0.19099588158689274,0.48083333333333333,True
984,137633,REST2,LR,0.16529628385994224,0.27666666666666667,True
985,138231,REST2,LR,0.1704753484157545,0.30666666666666664,True
986,139233,REST2,LR,0.1798414732232579,0.45916666666666667,True
987,139637,REST2,LR,0.16594822118272806,0.3358333333333333,True
988,139839,REST2,LR,0.11558640704695662,0.05333333333333334,False
989,140117,REST2,LR,0.09473215615749107,0.0475,False
990,141119,REST2,LR,0.29736193175663544,0.6566666666666666,True
991,141826,REST2,LR,0.21442771170700203,0.5091666666666667,True
992,144125,REST2,LR,0.20449986304692738,0.445,True
993,144731,REST2,LR,0.2801038404819756,0.6158333333333333,True
994,146129,REST2,LR,0.14586314777937434,0.20416666666666666,False
995,146432,REST2,LR,0.1296714472343588,0.09833333333333333,False
996,146533,REST2,LR,0.13177247672752584,0.115,False
997,146937,REST2,LR,0.15389459464655378,0.2725,True
998,148133,REST2,LR,0.11900375922271621,0.08666666666666667,False
999,149236,REST2,LR,0.12405957500543484,0.08666666666666667,False
1000,149337,REST2,LR,0.13681914224045325,0.14666666666666667,False
1001,149539,REST2,LR,0.15071611702589655,0.18333333333333332,False
1002,149842,REST2,LR,0.13248602720453473,0.11583333333333333,False
1003,150625,REST2,LR,0.12170032147282311,0.085,False
1004,150928,REST2,LR,0.0971656864612341,0.045,False
1005,151627,REST2,LR,0.12186023471970416,0.07083333333333333,False
1006,152831,REST2,LR,0.13713628130480277,0.18666666666666668,False
1007,153227,REST2,LR,0.13852109320500408,0.1325,False
1008,154229,REST2,LR,0.16067578198469998,0.25416666666666665,True
1009,154532,REST2,LR,0.17417683111251825,0.3333333333333333,True
1010,154734,REST2,LR,0.1363401965173408,0.16083333333333333,False
1011,154835,REST2,LR,0.13393179669663116,0.10333333333333333,False
1012,154936,REST2,LR,0.20245441251883553,0.48083333333333333,True
1013,155635,REST2,LR,0.19319474917304713,0.42916666666666664,True
1014,155938,REST2,LR,0.10563705240399905,0.04416666666666667,False
1015,157942,REST2,LR,0.19010934487682968,0.4225,True
1016,158035,REST2,LR,0.10541310596009885,0.023333333333333334,False
1017,159239,REST2,LR,0.14109886541654096,0.17166666666666666,False
1018,159340,REST2,LR,0.1905122086795015,0.4725,True
1019,159441,REST2,LR,0.18448798601859606,0.3725,True
1020,160830,REST2,LR,0.2642203389419495,0.595,True
1021,161731,REST2,LR,0.13881569800902557,0.18583333333333332,False
1022,162329,REST2,LR,0.18965684646308825,0.4033333333333333,True
1023,162733,REST2,LR,0.1600218041384028,0.29583333333333334,True
1024,164030,REST2,LR,0.09501624205174307,0.015,False
1025,164939,REST2,LR,0.19770686208677285,0.4508333333333333,True
1026,167238,REST2,LR,0.15259702609075226,0.2425,False
1027,168240,REST2,LR,0.2927136235331244,0.6641666666666667,True
1028,169949,REST2,LR,0.15208254674145563,0.245,False
1029,170631,REST2,LR,0.21742421012266333,0.475,True
1030,171633,REST2,LR,0.22091072886357518,0.4625,True
1031,172938,REST2,LR,0.19640691521006573,0.4791666666666667,True
1032,173435,REST2,LR,0.11135329976370142,0.056666666666666664,False
1033,173536,REST2,LR,0.10235958243826677,0.045,False
1034,173738,REST2,LR,0.15798935482555312,0.29583333333333334,True
1035,173839,REST2,LR,0.24895872885582165,0.5866666666666667,True
1036,173940,REST2,LR,0.1036095785900159,0.0425,False
1037,174437,REST2,LR,0.19571225667787895,0.425,True
1038,175035,REST2,LR,0.26703921953352405,0.6283333333333333,True
1039,175237,REST2,LR,0.11010747430907225,0.09333333333333334,False
1040,175338,REST2,LR,0.0967933699934503,0.019166666666666665,False
1041,175439,REST2,LR,0.3368100624663054,0.7725,True
1042,175742,REST2,LR,0.12349666859296955,0.075,False
1043,176037,REST2,LR,0.18577713962157705,0.44416666666666665,True
1044,178950,REST2,LR,0.10122816228287503,0.04666666666666667,False
1045,179346,REST2,LR,0.10582263855692126,0.06416666666666666,False
1046,181131,REST2,LR,0.23497346880149866,0.5591666666666667,True
1047,181232,REST2,LR,0.11264224328373025,0.04083333333333333,False
1048,183034,REST2,LR,0.12379958608767604,0.13416666666666666,False
1049,185139,REST2,LR,0.15788734537581328,0.3075,True
1050,185442,REST2,LR,0.1198138241703082,0.08,False
1051,186141,REST2,LR,0.1447598603883715,0.2275,False
1052,186444,REST2,LR,0.14089646014522078,0.14416666666666667,False
1053,187345,REST2,LR,0.08099264948529404,0.011666666666666667,False
1054,188448,REST2,LR,0.09342685690010046,0.015833333333333335,False
1055,188549,REST2,LR,0.11966199709185919,0.07333333333333333,False
1056,189450,REST2,LR,0.21653769742730206,0.49416666666666664,True
1057,191033,REST2,LR,0.10775380781944198,0.0275,False
1058,192035,REST2,LR,0.1189116015095955,0.08,False
1059,192136,REST2,LR,0.11625362383303518,0.059166666666666666,False
1060,192843,REST2,LR,0.14218985213293656,0.16166666666666665,False
1061,194645,REST2,LR,0.10768995325703187,0.07666666666666666,False
1062,194746,REST2,LR,0.18942889756408451,0.37083333333333335,True
1063,195445,REST2,LR,0.09329782760064358,0.021666666666666667,False
1064,195849,REST2,LR,0.15362069582169555,0.2633333333333333,True
1065,195950,REST2,LR,0.1376834081242305,0.15166666666666667,False
1066,197348,REST2,LR,0.17984639534919752,0.38333333333333336,True
1067,198855,REST2,LR,0.10483098611378222,0.056666666666666664,False
1068,199453,REST2,LR,0.14254280941838218,0.19416666666666665,False
1069,199958,REST2,LR,0.15454824227050104,0.2758333333333333,True
1070,200008,REST2,LR,0.18245300711828652,0.43,True
1071,200311,REST2,LR,0.11327705252276635,0.09833333333333333,False
1072,200614,REST2,LR,0.2029459022911103,0.5141666666666667,True
1073,201111,REST2,LR,0.11908104897426124,0.085,False
1074,202719,REST2,LR,0.12301137253293758,0.1,False
1075,203418,REST2,LR,0.11802267705115757,0.0825,False
1076,203923,REST2,LR,0.16055198699388665,0.28583333333333333,True
1077,204319,REST2,LR,0.13541131232952733,0.13916666666666666,False
1078,204521,REST2,LR,0.16067644677482673,0.3075,True
1079,204622,REST2,LR,0.16537794053295712,0.2916666666666667,True
1080,205119,REST2,LR,0.13736231139107666,0.14083333333333334,False
1081,206222,REST2,LR,0.15090931995314763,0.20583333333333334,False
1082,208125,REST2,LR,0.10397030102742277,0.035833333333333335,False
1083,208327,REST2,LR,0.09202841349288599,0.020833333333333332,False
1084,209228,REST2,LR,0.1506938329710069,0.22416666666666665,False
1085,210415,REST2,LR,0.25034338866042627,0.6116666666666667,True
1086,211215,REST2,LR,0.11029980558608125,0.0425,False
1087,211316,REST2,LR,0.15797123529636758,0.2633333333333333,True
1088,211922,REST2,LR,0.14664406311425177,0.22583333333333333,False
1089,212015,REST2,LR,0.10343464586593987,0.04583333333333333,False
1090,212419,REST2,LR,0.12367311747039572,0.07333333333333333,False
1091,213421,REST2,LR,0.18029520751188888,0.38166666666666665,True
1092,214019,REST2,LR,0.19099236466509756,0.4791666666666667,True
1093,214221,REST2,LR,0.09397649728695448,0.0375,False
1094,214423,REST2,LR,0.19552192527353274,0.4675,True
1095,214524,REST2,LR,0.14295296537379498,0.19166666666666668,False
1096,220721,REST2,LR,0.13865753965208125,0.1975,False
1097,221319,REST2,LR,0.20323951724514971,0.4375,True
1098,227432,REST2,LR,0.27271218923696755,0.6525,True
1099,228434,REST2,LR,0.18449685106242952,0.2675,True
1100,248339,REST2,LR,0.14785378917525804,0.18333333333333332,False
1101,250932,REST2,LR,0.1296182357534494,0.10666666666666667,False
1102,255639,REST2,LR,0.11548519915924355,0.06916666666666667,False
1103,257542,REST2,LR,0.15526156122256415,0.24666666666666667,False
1104,257845,REST2,LR,0.1670015956258783,0.31,True
1105,268850,REST2,LR,0.1116191802859737,0.0425,False
1106,285446,REST2,LR,0.11534986998309238,0.08166666666666667,False
1107,293748,REST2,LR,0.19328368862635747,0.495,True
1108,297655,REST2,LR,0.10852825441594471,0.05,False
1109,298051,REST2,LR,0.29080072192768913,0.6958333333333333,True
1110,299154,REST2,LR,0.14170974200649752,0.15916666666666668,False
1111,300618,REST2,LR,0.08372847280125406,0.0025,False
1112,303119,REST2,LR,0.14395669207444964,0.1375,False
1113,304727,REST2,LR,0.18333751174993543,0.375,True
1114,308331,REST2,LR,0.22639666791210705,0.5308333333333334,True
1115,309636,REST2,LR,0.09231008270862648,0.005,False
1116,310621,REST2,LR,0.13550214925020546,0.1225,False
1117,316633,REST2,LR,0.11770841523169288,0.04083333333333333,False
1118,316835,REST2,LR,0.13625922746428407,0.13,False
1119,318637,REST2,LR,0.14538412422532684,0.20083333333333334,False
1120,336841,REST2,LR,0.12832769673605807,0.095,False
1121,361941,REST2,LR,0.11124188263043187,0.10083333333333333,False
1122,371843,REST2,LR,0.14424360217148313,0.1775,False
1123,377451,REST2,LR,0.11804517336396884,0.06583333333333333,False
1124,380036,REST2,LR,0.17549127359029293,0.3616666666666667,True
1125,381038,REST2,LR,0.14235457822645345,0.1875,False
1126,386250,REST2,LR,0.11525552823657094,0.04833333333333333,False
1127,387959,REST2,LR,0.1520354875003587,0.19916666666666666,False
1128,393247,REST2,LR,0.18350082282663863,0.4075,True
1129,393550,REST2,LR,0.12502598809395954,0.0925,False
1130,395251,REST2,LR,0.170665373562192,0.34833333333333333,True
1131,395756,REST2,LR,0.13646674657048316,0.17166666666666666,False
1132,397154,REST2,LR,0.13085522607928038,0.15333333333333332,False
1133,397760,REST2,LR,0.21207355252062846,0.4841666666666667,True
1134,412528,REST2,LR,0.14094236914342426,0.19416666666666665,False
1135,414229,REST2,LR,0.16591266213183894,0.3233333333333333,True
1136,432332,REST2,LR,0.10075301224856269,0.0275,False
1137,433839,REST2,LR,0.18697137032262204,0.39166666666666666,True
1138,436845,REST2,LR,0.15602204563552466,0.23833333333333334,False
1139,449753,REST2,LR,0.14439015423564674,0.16416666666666666,False
1140,459453,REST2,LR,0.1328388032464059,0.18416666666666667,False
1141,479762,REST2,LR,0.12176298680223473,0.14166666666666666,False
1142,495255,REST2,LR,0.1983899384583916,0.46166666666666667,True
1143,499566,REST2,LR,0.14347519257225982,0.19583333333333333,False
1144,510326,REST2,LR,0.13614000718205466,0.15166666666666667,False
1145,517239,REST2,LR,0.20391878017147183,0.425,True
1146,520228,REST2,LR,0.10837758315022886,0.03,False
1147,524135,REST2,LR,0.10836249208935066,0.025833333333333333,False
1148,525541,REST2,LR,0.15372502815090874,0.265,True
1149,529549,REST2,LR,0.16457178828759225,0.2808333333333333,True
1150,529953,REST2,LR,0.10762929624118636,0.05,False
1151,530635,REST2,LR,0.16974042662003,0.27666666666666667,True
1152,553344,REST2,LR,0.10506334922677162,0.0375,False
1153,555651,REST2,LR,0.1383298051050898,0.16583333333333333,False
1154,559053,REST2,LR,0.22463468692413036,0.5758333333333333,True
1155,561444,REST2,LR,0.2063000794135408,0.4191666666666667,True
1156,567052,REST2,LR,0.10072583354081689,0.028333333333333332,False
1157,567961,REST2,LR,0.10232217781976465,0.029166666666666667,False
1158,568963,REST2,LR,0.09964023574820599,0.0425,False
1159,571144,REST2,LR,0.10122600714286506,0.028333333333333332,False
1160,573249,REST2,LR,0.1028154888498837,0.05416666666666667,False
1161,580044,REST2,LR,0.15665164621827277,0.25,False
1162,580751,REST2,LR,0.17976518639430844,0.29333333333333333,True
1163,581349,REST2,LR,0.2301960013241855,0.5708333333333333,True
1164,587664,REST2,LR,0.1376786320675897,0.14,False
1165,597869,REST2,LR,0.15109916294011697,0.23833333333333334,False
1166,598568,REST2,LR,0.12597021992293672,0.08333333333333333,False
1167,599065,REST2,LR,0.07713312749717978,0.0,False
1168,599671,REST2,LR,0.11039564521379151,0.06166666666666667,False
1169,604537,REST2,LR,0.21946137049862652,0.2791666666666667,True
1170,611938,REST2,LR,0.1440255913082614,0.18583333333333332,False
1171,616645,REST2,LR,0.09496585184725366,0.030833333333333334,False
1172,618952,REST2,LR,0.12949064545369052,0.06833333333333333,False
1173,622236,REST2,LR,0.10610262587328952,0.0325,False
1174,627549,REST2,LR,0.1805522332098859,0.43916666666666665,True
1175,638049,REST2,LR,0.18176249898385735,0.415,True
1176,645450,REST2,LR,0.12171600847509621,0.08666666666666667,False
1177,654350,REST2,LR,0.15498653216341096,0.25333333333333335,True
1178,654754,REST2,LR,0.15083607214060313,0.21,False
1179,656253,REST2,LR,0.11585611824184239,0.050833333333333335,False
1180,656657,REST2,LR,0.16438013773270843,0.2375,False
1181,657659,REST2,LR,0.1056407279394832,0.06583333333333333,False
1182,660951,REST2,LR,0.12844378938841491,0.125,False
1183,663755,REST2,LR,0.11495324105615078,0.06166666666666667,False
1184,664757,REST2,LR,0.14046642332006948,0.1375,False
1185,667056,REST2,LR,0.15466873791128413,0.18416666666666667,False
1186,671855,REST2,LR,0.17321389125371267,0.31833333333333336,True
1187,672756,REST2,LR,0.17381105614445455,0.36583333333333334,True
1188,679568,REST2,LR,0.10848685415442565,0.0275,False
1189,679770,REST2,LR,0.1054539462214355,0.04666666666666667,False
1190,690152,REST2,LR,0.12051605009113311,0.06916666666666667,False
1191,695768,REST2,LR,0.2338876860745352,0.5916666666666667,True
1192,702133,REST2,LR,0.18669804626124617,0.4483333333333333,True
1193,715950,REST2,LR,0.1238526404841962,0.085,False
1194,724446,REST2,LR,0.1327933856441121,0.14333333333333334,False
1195,725751,REST2,LR,0.19165889015957716,0.3325,True
1196,729557,REST2,LR,0.13118604141242593,0.13833333333333334,False
1197,731140,REST2,LR,0.15538432663660467,0.2075,False
1198,735148,REST2,LR,0.2969427235982626,0.6325,True
1199,744553,REST2,LR,0.18207920016854223,0.2841666666666667,True
1200,748258,REST2,LR,0.16181094605808122,0.3333333333333333,True
1201,749058,REST2,LR,0.08795331511035567,0.024166666666666666,False
1202,753150,REST2,LR,0.11525284446475074,0.0375,False
1203,756055,REST2,LR,0.20242311468564733,0.47583333333333333,True
1204,769064,REST2,LR,0.1563772932499974,0.21916666666666668,False
1205,770352,REST2,LR,0.14060863640641158,0.1725,False
1206,782561,REST2,LR,0.0850803565637328,0.005833333333333334,False
1207,789373,REST2,LR,0.09751715452248085,0.043333333333333335,False
1208,800941,REST2,LR,0.16356138924011024,0.3258333333333333,True
1209,803240,REST2,LR,0.10698765984168258,0.059166666666666666,False
1210,812746,REST2,LR,0.15413224025161834,0.2833333333333333,True
1211,816653,REST2,LR,0.1485504567778797,0.21916666666666668,False
1212,820745,REST2,LR,0.10657144020710495,0.04083333333333333,False
1213,825048,REST2,LR,0.13600361845128853,0.135,False
1214,833148,REST2,LR,0.11049168310771933,0.08166666666666667,False
1215,835657,REST2,LR,0.14124077194610368,0.1825,False
1216,837560,REST2,LR,0.08116279839560718,0.0016666666666666668,False
1217,849264,REST2,LR,0.12860877709624496,0.10083333333333333,False
1218,849971,REST2,LR,0.12845705212828154,0.0575,False
1219,865363,REST2,LR,0.12071942650112935,0.08583333333333333,False
1220,872562,REST2,LR,0.13595351959790966,0.17083333333333334,False
1221,877269,REST2,LR,0.14222090614351893,0.16166666666666665,False
1222,889579,REST2,LR,0.1624765351743347,0.2833333333333333,True
1223,894067,REST2,LR,0.20030064370691505,0.465,True
1224,894774,REST2,LR,0.18687250863324537,0.42916666666666664,True
1225,898176,REST2,LR,0.20007254820405138,0.4191666666666667,True
1226,899885,REST2,LR,0.10472805469928095,0.020833333333333332,False
1227,901442,REST2,LR,0.13890591954630394,0.17083333333333334,False
1228,907656,REST2,LR,0.15911818474808925,0.30916666666666665,True
1229,912447,REST2,LR,0.13201389583777065,0.14833333333333334,False
1230,922854,REST2,LR,0.24573011543417464,0.6483333333333333,True
1231,923755,REST2,LR,0.21096985320725248,0.5216666666666666,True
1232,930449,REST2,LR,0.14291275144879492,0.1875,False
1233,952863,REST2,LR,0.15644535465940337,0.23333333333333334,False
1234,955465,REST2,LR,0.18865298360390073,0.4041666666666667,True
1235,957974,REST2,LR,0.10143671627528353,0.02666666666666667,False
1236,966975,REST2,LR,0.10650181053836148,0.059166666666666666,False
1237,987983,REST2,LR,0.0961875437279738,0.0325,False
1238,993675,REST2,LR,0.1661923101729616,0.3408333333333333,True
1239,994273,REST2,LR,0.12877119773813886,0.13,False
